subclass,bleu1,bleu4,rouge1,rougeL
whom,0.19671756564863369,0.08099242245503775,0.2014323257264542,0.1673584553203914
what,0.18862624947374165,0.0837507055707718,0.1958918473366626,0.1689208621057788
when,0.15809667393671062,0.0820047090628288,0.145730041450952,0.12758175341730893
where,0.17336289637155622,0.0799962768092899,0.17319444976495849,0.14957063145569613
NK,0.2985642987910955,0.16662640281132418,0.3199154330700464,0.29201968756126295
ICL,0.34401555250781635,0.14573820568631765,0.3372191464362318,0.3344875657979795
polysemy,0.26264895961066886,0.12609845499520006,0.28050277290538705,0.23168963223281547
co-reference,0.18323921804852505,0.12049602235820087,0.13098728126821746,0.12014890679215286
