category,bleu1,bleu4,rouge1,rougeL
MC,0.1792126134027493,0.081688606098822,0.17908317690779293,0.15337735495872762
FD,0.3212899256494559,0.1561823042488209,0.3285672897531391,0.3132536266796212
LA,0.22294408882959696,0.12329723867670048,0.20574502708680226,0.17591926951248418
